"id","length","mandatory","start","slutt","fart","enveiskjÃ¸rt","sperret"
200425255,34.4980057495476,f,9455,8522,40,,f
245435321,7.02699082258416,f,8993,8282,50,,f
146194457,28.8861766096538,f,324,10420,50,-1,f
146194646,2.65067915498267,f,8487,8485,50,1,f
146151174,46.9668274355461,f,3833,20683,30,,f
146135169,45.1319249308347,t,6877,6871,40,,f
245435412,30.2670782180046,f,527,8446,40,-1,f
445524739,157.389572046976,f,9654,10425,50,1,f
522201206,5.98732576100187,f,10024,5035,50,1,f
587955082,11.3296407645229,f,8158,11426,40,,f
146190770,10.8154155925584,f,6360,6687,40,,f
480919591,2.54434667611107,f,8282,21612,50,,f
255035016,36.5171842355602,f,139,153,50,-1,f
445524723,14.0171608933775,f,326,327,50,,f
146136355,212.758403317029,f,7539,12277,30,,f
587955086,7.52407468443932,f,3843,9657,40,,f
146134938,22.9002958529683,f,9580,11672,40,,f
146138003,46.9032080865253,f,3247,11768,40,-1,f
146135111,82.9182472934896,f,10309,3550,40,1,f
146132874,103.939250091589,f,2808,6906,40,,f
146133567,4.42943252840405,t,11004,9660,40,,f
146193295,7.59901308449805,f,9649,3804,50,,f
146133717,31.7116970757825,t,7015,6492,40,1,f
146136060,60.434571603966,t,291,20057,40,,f
146137229,47.2131662990679,f,9827,12523,30,-1,f
146136311,63.1133895740259,t,4653,6893,40,,f
146133810,71.2389090745425,t,8517,9422,40,,f
276818324,3.95236638151264,f,186,12418,30,,f
146132893,5.10392156142729,t,6870,12944,40,-1,f
146181192,35.201758890153,f,10447,12348,40,,f
523405427,6.10175383603707,f,6680,20487,50,,f
255034991,4.26523152765064,f,139,20030,50,,f
146135189,36.5763095963424,t,7196,6885,40,-1,f
146151096,15.8832348419203,f,7765,10113,30,,f
146181193,53.3397973013782,f,12348,431,50,,f
245609102,8.40948273037246,f,7404,21228,40,,t
146132890,100.705599078282,t,6898,6879,40,-1,f
146134941,55.1549083284706,f,9450,9451,40,1,f
146181185,5.78312953188618,f,3112,11667,50,,f
146181577,21.6983369197533,f,11790,6685,50,1,f
522201211,6.49175863907329,f,4094,3802,50,1,f
245609105,158.56006532242,f,9460,7791,30,,f
146135459,9.59909285599501,f,4486,8427,40,,f
245626970,39.7035262964674,f,3246,8518,40,,f
146133498,57.8725321794904,f,8516,11716,40,,f
146138048,105.695300430403,f,11674,11702,40,1,f
146151148,52.2800633035408,f,6004,21114,30,,f
564309443,20.7505354906034,f,4114,672,50,-1,f
146134228,56.7632511832989,f,3829,11006,30,,f
200425241,2.22533694914664,f,8521,9446,40,-1,f
146136312,108.706899029344,t,6893,6876,40,,f
146181227,59.8833206719188,f,10445,430,50,,f
245435411,121.072726752917,f,10501,527,40,-1,f
146135178,73.0283184903081,t,6881,6360,40,1,f
202478944,12.0276888848751,f,6903,297,40,,f
480919620,88.0354920616838,f,8238,8204,40,,f
146181191,21.6053636147511,f,10027,10447,40,,f
255034981,67.6684401771192,f,8943,5487,50,,f
202478949,35.3252145460026,f,7030,8018,50,1,f
481687766,67.0065021657687,f,2809,22109,40,,f
480919588,15.1791359090187,f,6677,8275,50,,f
255034994,23.0347635377858,f,162,116,50,,f
146139249,107.976896637897,f,525,11020,40,,f
146135322,40.6432304263738,t,6888,6869,40,,f
146137959,68.7786919539954,t,6897,3112,40,,f
146195469,53.8420225611679,f,4567,140,50,,f
146135187,45.3072502545455,t,6890,6880,40,,f
255034988,20.4022716500944,f,9348,8281,50,,f
146136058,79.8854087158985,t,6894,11671,40,,f
146190774,27.3540639818825,f,12341,9028,50,,f
200425264,2.02247373042785,f,7868,9455,40,,f
245435376,30.2768323995322,f,8126,9656,40,1,f
245609097,4.24057779044494,f,9741,4565,40,,f
202478942,20.774677387153,f,6911,9585,40,,f
200425247,39.2562479257519,f,1333,7562,30,,f
523405423,6.38392512695937,f,5035,20918,50,1,f
146149315,65.4305803789116,f,8528,8266,30,,f
146181201,27.1929235041491,f,171,20037,30,,f
245609099,10.7960826050433,f,6418,6883,40,,f
146136770,26.1986992574166,f,6895,6896,40,,f
146183948,4.17882758261842,f,3834,1074,40,,f
146194005,55.0450648124684,f,11171,1074,40,1,f
146195270,19.6406477403589,f,3840,7582,40,1,f
146139271,19.207037329734,f,2817,21846,40,,f
146139206,70.3981527600207,f,8528,11625,30,,f
523405430,6.83772622891631,f,4939,11920,50,,f
146181186,57.1049361738402,f,11667,7773,40,,f
146136056,33.4389003145401,t,10250,9584,40,,f
255035028,2.95787085746812,f,9348,22307,50,1,f
146133714,43.7926492891856,t,7377,7376,40,1,f
255035025,31.5256479820316,f,8263,21670,50,-1,f
146181199,42.5952780206068,f,9334,174,40,,f
146194473,4.87819574087823,f,312,9456,50,-1,f
523405422,38.9276429817689,f,116,20918,50,1,f
255035021,46.7301513272888,f,5487,5068,50,-1,f
200425256,2.18020640981126,f,5405,20056,40,,f
146181579,6.12034250872788,f,6684,11920,50,1,f
255035023,46.984461758496,f,5487,20462,50,1,f
200425244,6.33043441862966,t,3101,22152,40,,f
146133119,39.1491147023225,f,2823,8517,40,,f
146183947,101.281094090777,f,3834,11014,40,,f
564309436,22.6378062244512,f,750,10677,50,1,f
146134153,133.649088517506,f,9660,9472,40,,f
146137860,113.659744454898,f,6976,9652,30,,f
146132779,83.0826526973053,f,9727,8179,40,1,f
146193297,25.4154369159313,f,430,11561,50,1,f
146135171,23.5381227092625,t,6411,5986,40,,f
146135199,70.4234149299055,t,12050,22276,40,,f
200425250,75.1275540406377,f,6901,8522,40,,f
146151082,15.748249634574,f,1052,20682,30,,f
146133812,20.7433616996387,t,10027,1531,40,,f
146190746,22.0416704082042,f,270,7030,50,,f
146193279,7.78021874304459,f,431,20086,50,1,f
146149228,22.7601999167567,f,8524,2294,30,,f
255035015,36.3978410159719,f,139,153,50,1,f
146132889,61.6841284344455,f,11959,6898,40,-1,f
146136314,62.2086721556391,t,11702,6901,40,1,f
146136132,68.9671924772942,f,7524,12277,30,,f
200425246,3.1426899317574,f,1333,20206,30,,f
146135173,82.1708171944983,t,11211,9576,40,1,f
146135323,9.6379236748848,t,6869,2211,40,,f
245609092,39.9615405533926,f,4684,9658,40,,t
218464315,57.8757285355626,f,10420,20400,50,-1,f
200425251,68.6331228691495,f,8522,3112,40,,f
587955084,3.76085096824552,f,8230,10687,40,,f
146132701,13.9589761283329,f,6869,9081,40,,f
146136893,41.3905498472605,f,6899,21313,40,,f
146134528,84.0429381356439,f,3836,11005,40,,f
245609089,52.3154623914818,f,11672,12049,40,,f
146194470,26.4184745547196,f,430,10455,50,-1,f
146193966,7.98138849045861,f,11171,1054,40,,f
146193283,23.0690001424928,f,150,5485,50,1,f
146135181,63.9043168735259,t,10970,11258,40,,f
202478958,62.5474700632999,f,8446,5720,40,-1,f
245609107,47.8292421155061,f,6896,21992,40,,f
245435377,12.532972454132,f,3840,20684,40,1,f
587955093,83.9250105941812,f,3845,7980,40,1,f
245609106,7.35485552856436,f,7791,7539,30,,t
146193298,75.2613093170507,f,11561,311,50,1,f
146135180,28.8711366467429,t,8944,10970,40,,f
245609101,36.975862966396,f,6499,21228,40,,f
200425242,28.156239974036,t,1531,20059,40,,f
146151084,11.1943825038859,f,426,384,50,,f
146194469,11.6555064162026,f,3351,429,50,-1,f
146132892,56.0270151433124,t,9581,6870,40,-1,f
200425245,67.4344437829463,t,3101,3245,40,,f
146181217,80.8077240098822,f,113,154,50,,f
200425253,25.2005734073059,f,6900,9579,40,,f
146135172,60.1509278216176,t,5986,11211,40,,f
486443017,4.88451635447629,f,10430,12792,50,,f
146135192,81.5221202963598,t,12051,2801,40,1,f
200425243,2.03354370277817,t,2827,20059,40,,f
146138524,23.7531050935679,f,8519,6293,30,,f
587955094,86.0098049192509,f,3843,5710,40,-1,f
146150159,148.91196606142,f,11625,9750,30,,f
146133566,52.0897668986594,t,10250,11004,40,,f
146194171,49.3494494138074,f,3839,11022,40,1,f
146135184,43.9889581433652,t,6875,2801,40,,f
255034985,4.62127687871313,f,8263,21602,50,,f
146181218,134.72814325089,f,154,327,50,,f
146190760,7.52639608796824,t,3459,11671,40,,f
146149144,63.4577548128249,f,8524,9750,30,,f
523405426,29.7210657550277,f,7564,20487,50,1,f
522201209,6.89566635896585,f,3801,138,50,1,f
146139245,7.30135110355248,f,10300,3839,40,,f
146133564,78.5426786280674,t,6876,6872,40,-1,f
146133537,36.9392869380681,f,3246,9422,40,,f
146136062,70.2639332267664,f,3549,22835,40,,f
146137612,78.7745928554796,f,6893,12055,40,,f
146138694,43.7865742464126,t,6908,1403,40,1,f
146134508,11.1429015998526,f,11775,827,40,,f
564309437,9.50959832850417,f,10677,21663,50,1,f
146138342,8.81081721445168,f,3828,914,40,,f
240551660,54.4494070522412,f,3841,20686,30,,f
146181578,6.08793323691897,f,6685,6684,50,1,f
218464313,58.194355884437,f,5485,20675,50,1,f
202478940,10.7074740234492,f,8140,21575,40,,f
200425238,57.5696598550174,t,7773,20058,40,-1,f
200425257,53.5582151811976,f,292,20056,40,,f
255034993,13.2313995555431,f,153,20035,50,,f
523405421,6.22691737841886,f,111,20648,50,-1,f
146135198,79.2317573922393,t,6885,12050,40,1,f
146149124,35.0737436400325,f,3832,11020,30,,f
146132707,63.1061735801919,f,299,289,30,,t
522201224,70.1516674531137,f,11152,5620,50,,f
146133808,76.9414152992324,t,174,9739,40,,f
480919625,24.3111443799146,f,6910,8530,40,,f
146193296,11.4744016982139,f,9649,429,50,1,f
445524724,3.83024802924991,f,147,326,50,,f
146135191,20.0210202049433,t,10528,12051,40,1,f
146135182,6.80829914612755,f,6881,6875,40,,f
146133819,33.9752138561453,t,9449,20057,40,,f
146138525,24.4136288524894,f,6293,21185,30,,f
587955088,12.7444545268074,f,11426,9657,40,,f
146133561,50.9185543423809,t,6884,6907,40,,f
146150209,42.0146578229503,f,10113,23164,30,,f
146136070,16.6242214659436,f,11009,20416,30,,f
146136916,50.6887046224124,f,11016,9653,40,,f
146194453,6.0908209607042,f,10163,21847,50,,f
146136057,25.7467650034619,t,9584,6894,40,,f
255034990,56.9331738008701,f,152,20030,50,,f
146194452,7.01233387228097,f,431,21847,50,-1,f
146139247,6.40768096154588,f,11022,525,40,,f
146133814,32.1717087220528,t,2827,22152,40,,f
146193281,24.7256852920624,f,9456,7601,50,1,f
146138155,8.71707110618629,f,11550,6912,40,,f
146133818,71.7558499768936,t,9451,9449,40,,f
522201226,25.0085793399012,f,5620,4094,50,-1,f
146147559,50.8989637889379,f,2294,11739,30,,f
146190751,19.5537113401954,f,8128,7118,40,,f
146138004,19.5358751797875,f,11768,291,40,-1,f
523405431,25.6625276042559,f,4939,8943,50,-1,f
200425261,70.4759066440764,f,6900,5994,40,,f
146136316,6.50775871403113,t,9347,8526,40,-1,f
146181235,7.06944128019251,f,8432,5725,50,,f
146181214,48.4218296446216,f,164,163,50,,f
564309449,20.1565901797669,f,4114,8488,50,1,f
523405424,30.4553309751039,f,7564,21041,50,-1,f
480919621,45.7361278849228,f,8204,8158,40,,f
146195268,31.378192939988,f,1531,10447,40,-1,f
480919590,49.6221635801747,f,8281,21612,50,,f
146136135,12.0901934356464,f,7562,4910,30,,f
523405425,6.40740195760858,f,5691,21041,50,,f
146137956,72.9649281744204,t,6888,6902,40,,f
200425262,37.1338833567539,f,9452,3101,40,,f
146133494,6.5492201246512,f,3352,22192,40,,f
146135455,78.313103243523,f,2779,7404,40,1,f
146135454,76.0662070786003,f,9578,6884,40,,f
481694094,4.44922464989572,t,2134,21845,40,,t
146132989,55.8783918348867,f,3820,11012,40,,f
587955092,86.0269758425037,f,3843,5710,40,1,f
146135759,78.0425829851592,f,8066,11002,40,,f
146190757,116.885169455257,f,8140,3356,40,,f
146135186,39.913773227415,t,6890,6887,40,-1,f
146190768,29.4597033675757,f,297,6910,40,,f
146139204,14.1201322286234,f,6293,9457,30,,f
146181202,4.02981389403157,f,12418,20037,30,,f
587955085,42.2592613170238,f,8230,21575,40,,f
146181210,8.52046536749953,f,430,5641,50,,f
146133118,51.9218992451626,f,8515,2823,40,,f
255035026,2.90258505253509,f,9348,21670,50,-1,f
146135197,116.145454933588,t,6886,6885,40,,f
481687767,4.60184744847133,f,2808,22109,40,,t
202478941,13.2095860171911,f,3112,6911,40,,f
323109624,2.0302216639706,f,10115,20461,40,,t
146149136,212.475202645808,f,11959,23102,30,,f
146181241,1.27412715298366,f,162,20035,50,,f
245604093,32.6442364263453,f,7149,12054,40,,f
245609100,26.7090449552341,f,6418,6499,40,,t
245609103,25.6648703602363,t,2817,6892,40,,f
146138153,119.850846954056,t,3548,10903,40,-1,f
146136049,51.681767853483,f,7868,21499,40,,f
146138814,33.0499111151279,f,9580,9579,40,,f
146193566,2.63428387484539,f,6182,10299,50,-1,f
146132875,3.7828185397474,f,6906,6899,40,,f
146138152,17.9141652586726,t,6870,3548,40,-1,f
146133719,32.6116397534921,t,10282,7118,40,1,f
146193965,2.80356688154303,f,11168,11171,40,,f
146138154,25.0327871124918,t,10903,7015,40,-1,f
146133713,33.9143707055356,t,10305,7377,40,1,f
523405429,26.072539605021,f,3457,8943,50,1,f
146147313,78.4762166174133,f,319,20031,50,,f
146133716,91.6201004418836,t,12640,7015,40,1,f
146193299,27.3677359436322,f,311,317,50,1,f
146181216,118.510038520336,f,142,113,50,,f
587955089,8.00795265798023,f,9657,3845,40,,f
146136055,122.378958588202,t,2134,10250,40,,f
146135170,89.6858372822512,t,6871,6411,40,,f
146138693,108.41383957971,t,5986,6908,40,1,f
146195196,15.9106664376478,f,11008,1054,40,-1,f
146138807,3.71206305729876,f,11549,9460,30,,f
146132898,13.5400371382613,f,1053,9651,30,,f
522201208,5.83868278450406,f,37,3801,50,1,f
146150650,33.2663497971826,f,8266,8524,30,,f
146133562,37.0220158958107,t,6907,6878,40,-1,f
146133568,62.0930282589332,t,9660,8140,40,,f
146135328,61.2368099216885,t,2808,9657,40,,f
146132894,20.3211527503557,t,12944,7582,40,-1,f
146135325,36.6156171697447,t,4653,1762,40,,f
200425258,59.6352822769602,f,7867,9452,40,,f
146138047,33.6888184279376,f,6897,11674,40,1,f
146137741,65.5947617423652,f,6898,3550,40,,f
146148844,27.5192708964628,f,6912,11675,30,,f
146195047,56.5497578875806,f,1054,1074,40,-1,f
146134512,84.2165212789934,f,11157,750,40,,f
245609104,35.5091513629735,f,6892,10313,40,,t
146133559,70.3010872047559,t,6874,2779,40,,f
323096223,28.2540952944026,f,6904,3352,40,,t
146137245,57.6164827896449,t,7376,3549,40,,f
146181200,43.6179562572961,f,174,171,30,,f
255034996,21.8973951342958,f,9028,7564,50,,f
146135193,17.6705979621679,t,2801,6887,40,,f
146137957,107.271038742436,t,6902,6907,40,,f
245609108,17.59904827377,f,1762,21992,40,,f
146135176,70.9063737761036,t,6874,6883,40,1,f
146136318,31.6119067476677,t,295,3245,40,,f
146135456,90.9251323091766,f,7404,297,40,1,f
146135175,18.4397583466985,t,2119,6874,40,1,f
146137744,48.6833172444197,f,3551,1403,40,,f
564309442,19.171952932237,f,672,6182,50,-1,f
146133554,40.6293948454113,f,5686,9650,40,,f
146137254,29.0498488353577,f,3829,20681,30,,f
146133563,94.7347006070651,t,6878,6876,40,-1,f
146139205,76.7226022642923,f,9457,8528,30,,f
481694093,28.8178138481804,f,4387,21845,40,,f
200425240,23.0906769915349,f,9447,8521,40,-1,f
146138523,76.3202019436145,f,11739,8519,30,,f
245435414,3.01875802538306,f,3838,20685,40,-1,f
146181189,22.7585875036829,f,5405,11259,40,,f
146195250,13.6003000816335,f,526,8442,30,-1,f
202478956,35.3086628485061,f,7030,10501,50,-1,f
146181581,5.42392310792247,f,5691,10913,50,1,f
146181576,3.64990629987728,f,4910,11790,50,1,f
146134937,50.4089272259278,f,6872,9580,40,,t
146181582,5.4319629560533,f,10913,6680,50,1,f
522201212,6.69298544100756,f,3802,321,50,1,f
146135183,45.2395457885262,t,6875,12051,40,-1,f
146133569,56.4541161605435,f,8140,9727,40,,f
146135321,66.8772756398552,t,11211,6888,40,,f
146133811,40.7254808344633,t,9422,10027,40,,f
486443018,35.8909033707046,f,10430,20064,50,,f
255035024,11.1705908597564,f,6677,20462,50,1,f
245435316,9.38079420844227,f,8434,8432,50,,f
146151150,82.1522332484311,f,8102,21568,30,,f
245435375,121.11433074733,f,8018,8126,40,1,f
212379613,68.0248079049032,f,10311,11526,40,,t
146135188,8.12027158475643,f,6411,7196,40,,f
146149233,54.6097236801973,f,11675,21846,30,1,f
146133876,80.4861345355695,f,11014,11007,40,,f
146183945,107.127521092721,f,10116,10115,50,,f
146133552,36.9284947105803,f,8199,11002,40,,f
146133712,82.2005633562693,t,6871,10305,40,1,f
146181220,68.0428130431049,f,173,11152,50,,f
146135185,6.24288707624683,f,2119,6890,40,,f
587955091,84.5396061186469,f,3845,7980,40,-1,f
255035013,29.3250414641895,f,4567,152,50,-1,f
146135195,37.0820407824874,t,6889,6880,40,,f
146133100,33.2746372229548,f,8427,8515,40,1,f
254243501,97.4018433804634,f,8487,7301,50,1,f
276818325,14.1241889323547,f,186,9456,30,,f
146138691,98.3880925906102,t,10305,6908,40,1,f
522201207,32.6917250431192,f,5035,37,50,1,f
146190758,51.4906233342554,f,3356,9472,40,,f
146190759,40.2451283214906,f,9472,3459,40,,f
146138526,7.48943254376202,f,8432,21185,30,,f
212379612,13.6244468568179,f,6893,10311,40,,f
146136315,72.8120282610664,t,6901,9347,40,,f
146136059,26.6404326680772,t,3459,291,40,,f
146195194,49.9699603248227,f,3839,11022,40,-1,f
523405428,7.18977051373564,f,3457,6685,50,,f
146133723,46.8338518693041,f,7271,10300,40,,f
146190761,72.8120904518897,f,11671,21111,40,,f
255035022,11.1088147328929,f,5068,6677,50,-1,f
146183964,73.5483380652895,f,828,750,50,,f
146138050,46.3685191231622,f,2841,11672,40,,f
146138046,29.25731675764,f,3352,6897,40,,f
245778209,9.10167565774951,f,7149,9576,40,,f
146183950,74.7670349808262,f,5710,8199,40,,f
146134492,94.1831877098147,f,7980,3830,40,,f
245435413,13.1212465437106,f,5720,20685,40,-1,f
480919587,5.7277581201159,f,389,10445,50,,f
255035027,32.0912235272758,f,8263,22307,50,1,f
146183954,9.53177704724382,f,3356,12816,50,,f
146193282,150.863954415089,f,7601,150,50,1,f
146194172,27.6352745843485,f,525,11171,40,1,f
146133809,52.6630758782617,t,9739,8517,40,,f
200425263,34.3048885686297,f,9455,20058,40,,f
146133101,65.5412854806159,f,8515,8518,40,1,f
146133548,67.9914947431129,f,8519,8266,30,,f
202478943,65.4675784679404,f,9585,6903,40,,f
146181197,72.1302346018072,f,11711,11258,40,,f
146135177,2.14759700512568,f,6883,6881,40,1,f
146133560,5.83095188692915,f,2779,6884,40,,f
146195471,104.90383442772,f,140,11677,30,,f
146193300,6.12845107213826,f,317,9456,50,1,f
146136131,147.309243208137,f,7539,7524,30,,f
146133572,34.212548970333,f,12809,9650,40,,f
146195464,126.111668628184,f,1053,20158,30,,f
200425259,38.1521910197977,f,8521,9452,40,,f
146138051,32.6451603948653,f,11672,6900,40,,f
146137240,51.1233417130645,f,12054,6902,40,,f
146138660,55.6682450804866,f,10926,22742,40,,f
146132876,49.8374846280702,f,6899,11004,40,1,f
587955083,5.5663452979708,f,10687,7980,40,,f
146194471,78.2315284392293,f,10455,320,50,-1,f
146181211,7.6060351306545,f,5641,3806,50,,f
564309448,19.4395713867541,f,8488,8485,50,1,f
146194454,24.4827889987818,f,9456,10019,50,-1,f
315659647,18.3330302780414,f,173,147,50,,f
480919589,4.10912640610108,f,8275,21610,50,,f
146137958,87.1507119861379,t,6907,6897,40,,f
146138695,35.6229362752698,t,1403,6895,40,1,f
146190772,11.5485938553661,f,11246,6989,40,,f
245435315,10.0791715940062,f,5725,21610,50,,f
146181196,7.06626147593762,f,6360,11711,50,,f
146181574,6.77535987046473,f,6680,6361,50,1,f
146133460,64.9486312867568,t,9446,9347,40,-1,f
245778141,6.34760312049679,f,11673,2211,40,,f
146195472,48.2480128243748,f,11677,146,30,,f
245435345,161.733130543346,f,242,270,50,,f
200425266,58.4570146303982,f,292,20059,40,,f
146151151,152.757794245405,f,426,3806,50,,f
146136133,94.7503701857347,f,12277,20206,30,,f
200425249,31.4236652739036,f,5994,8569,40,,f
146132891,82.7866964350007,t,6879,9581,40,-1,f
146151205,7.87451510931597,f,427,384,50,,f
146136061,40.6619622520026,f,3551,3549,40,,f
146133718,10.5077211208703,t,6492,10282,40,1,f
146183949,33.7857940563364,f,8199,1074,40,,f
146133604,32.7350436464979,f,11005,7227,40,,f
202478935,100.518646101504,f,3838,9655,40,,f
146150528,46.1048502099116,f,8219,21591,30,,f
146135179,17.2736777710425,t,10528,8944,40,,f
146138049,32.0675053676898,f,11702,2841,40,,f
146148822,2.30622577267977,f,145,146,50,,f
146133565,86.2783084060113,t,6872,10250,40,-1,f
146181213,52.1598757646984,f,11510,164,50,,f
522201203,20.0219499401334,f,321,319,50,1,f
522201223,24.9268125652444,f,5620,321,50,1,f
445524753,4.15582723638051,f,326,20064,50,,f
146181215,89.0100694493665,f,163,142,50,,f
200425248,2.48050397813749,f,5994,21111,40,,f
146181575,3.13080249639335,f,6361,4910,50,1,f
245609091,46.6928913477297,t,1762,4684,40,,f
146194472,27.5613406375078,f,320,312,50,-1,f
245435378,3.13694117895506,f,3838,20684,40,1,f
146181580,9.48929154515869,f,11920,5691,50,1,f
146135194,36.5719447498898,t,6887,6889,40,,f
146136051,141.740480901171,t,6879,12640,40,,f
245609090,16.8928769986062,f,12049,8569,40,,t
146133117,40.1124382061242,f,3246,11259,40,-1,f
245778207,41.5487570456569,f,9579,22277,40,,f
146135110,7.80897702345637,f,6877,10309,40,,f
146137613,19.2114421640227,f,12055,21114,40,,f
146133538,58.068390975397,f,6492,11550,40,1,f
254243491,74.6773949944032,f,11014,10118,40,,f
146133553,41.093825044977,f,11002,5686,40,,f
146193280,7.21560808050597,f,3804,20086,50,,f
146137246,42.9844858488014,t,3549,6895,40,,f
146147314,15.1437181509682,f,145,20031,50,,f
146136317,26.3068858389684,t,8526,295,40,,f
146135196,62.4611141440256,t,6880,6886,40,,f
146194455,4.96001845546713,f,10019,318,50,-1,f
146136313,86.1151382870079,t,6876,11702,40,,f
245435317,65.0354314979941,f,8434,21602,50,,f
146181238,5.22857533365299,f,4567,8993,50,,f
146149125,49.3164096057144,f,9653,3832,30,,f
146150398,75.2358710491668,f,384,20074,50,,f
146194468,6.45730592973249,f,3351,10444,50,,f
146135190,48.8629826715387,t,7196,12050,40,,f
146183955,17.1196433728933,f,12816,8195,40,,f
200425265,23.5596116335247,f,292,20058,40,,f
146134940,72.3043767412162,f,8569,9450,40,1,f
245778208,17.5353271852141,f,9584,22277,40,,f
146134503,81.2002562978876,f,6499,6910,40,,f
323096222,13.1172701645795,f,7404,6904,40,,f
146183944,64.8236184170715,f,10115,4114,50,,f
146134494,47.7722962026948,f,5686,5692,40,,f
146133603,36.2307279478517,f,11013,11005,40,,f
146134227,96.7373739603456,f,9652,3829,30,,f
146134198,75.6246658620564,f,3500,22218,30,,f
522201210,17.1242181669835,f,138,4094,50,1,f
146139250,17.3718138335565,f,11020,20418,40,,f
480919586,76.258387882518,f,429,389,50,,f
146190773,81.8133405317361,f,6989,12341,40,,f
146194456,141.810194670676,f,318,324,50,-1,f
323109621,3.48091941736345,f,4097,10116,40,1,f
146150269,13.6033893696908,f,10444,426,50,,f
523405420,37.6738689317148,f,116,20648,50,-1,f
255035014,29.3253569185551,f,4567,152,50,1,f
146195269,27.4197371559241,f,318,320,50,-1,f
146133715,65.6066821779903,t,7376,12640,40,1,f
146133816,58.9992316155009,t,3245,11716,40,,f
146190763,48.3054230370917,f,8569,8284,40,,f
202478936,46.310870023915,f,9655,3836,40,,f
522201205,6.93369018101391,f,111,10024,50,1,f
146135324,65.2107681177894,t,2211,4653,40,,f
522201204,13.8393060217767,f,319,111,50,1,f
323109623,31.6461112994573,f,11157,20461,40,,f
146190750,8.78495404896975,f,3836,8128,40,,f
146181188,9.16066954632639,f,1321,5405,40,,f
146181212,80.8946311595491,f,3806,11510,50,,f
146132703,61.1344964130645,f,11526,21780,40,,f
146133817,18.1539080081899,t,11716,9451,40,,f
146190764,28.9134321480357,f,8284,6901,40,,f
146135492,47.1242225887777,f,3247,9449,40,,f
245778140,65.1567469536527,f,6908,11673,40,,f
146195195,10.2242201671946,f,525,11008,40,-1,f
202478951,63.5777358220197,f,9656,3840,40,1,f
486443053,4.30425371002957,f,327,20065,,,f
146183956,54.916794318177,f,8195,8179,40,,f
146183957,60.173778287115,f,8179,3841,40,,f
146183958,98.479147700833,f,3841,11649,40,,f
146183960,45.7537252434968,f,526,3837,40,,f
146183961,113.880417797049,f,3837,827,40,,f
146183962,251.604450711104,f,827,9160,40,,f
146183963,38.9979759278013,f,9160,828,50,,f
146190771,49.1655104138444,f,6687,11246,40,,f
480919626,14.9628482491171,f,8530,6360,40,,f
146133102,39.2429639465585,f,8518,1321,40,1,f
146133114,68.4064681153117,f,9334,4565,40,-1,f
146133115,47.4262532222749,f,4565,2823,40,-1,f
146133116,68.6969389013034,f,2823,3246,40,-1,f
146135457,10.6810541482065,f,297,293,40,,f
146135458,45.0089178154267,f,293,4486,40,,f
146135460,58.817054210416,f,8427,4565,40,,f
146181187,25.0738709271385,f,7773,1321,40,,f
146181190,33.3420356549741,f,11259,10027,40,,f
146181198,56.0523397314729,f,11258,9334,40,,f
245609098,37.6793131789531,f,9741,9739,40,,t
245626969,80.3293221809135,f,8518,9585,40,,f
146138002,56.1690503518685,f,9450,3247,40,-1,f
146138052,59.2353431784724,f,2842,6894,40,,f
146138472,37.1402773490618,f,10783,2841,40,,f
146138473,66.0673699719811,f,2841,8284,40,,f
146138702,45.6964267457652,f,8526,8516,40,,f
146138703,31.1862501565758,f,8516,9450,40,,f
146132704,86.9122095496288,f,6878,11674,40,-1,f
146135150,75.5998750802324,f,3352,9585,40,,f
146132702,48.2516673500886,f,9081,11526,40,,f
146135174,86.5806296326522,t,9576,2119,40,1,f
146136748,28.7181715522696,f,12054,9578,40,,f
146137742,49.5547177908322,f,3550,7377,40,,f
146137743,52.3645441552989,f,7377,3551,40,,f
146151149,9.11456907437439,f,2134,6004,30,,f
146136771,58.6860628706805,f,6896,21312,40,,f
202478937,14.8049450860574,f,7118,8238,40,,f
146195340,5.90823154328835,f,8485,21663,50,,f
254243490,150.51793089619,f,10118,10116,40,,f
254243495,96.8738187974618,f,10299,3424,50,-1,f
146134493,73.7917336690273,f,3830,5686,40,,f
146136892,55.2740078706372,f,11019,6906,40,,f
146137144,45.2257600412631,f,9128,12472,40,-1,f
146137145,102.502145574076,f,12472,11775,40,-1,f
146136917,131.453982428287,f,9653,11168,40,,f
146138343,109.258667043497,f,3828,5669,40,,f
146150537,82.7551064264217,f,8442,22970,30,,f
146183959,16.9013603268554,f,11649,526,40,,f
146194237,13.5459093993025,f,526,8442,30,1,f
146151173,74.1777139815627,f,8101,22902,30,,f
146133680,116.008351363983,f,4112,10904,30,,f
146151172,49.2456474964542,f,1052,3822,30,,f
101,40,f,21568,11013,40,,f
103,15,f,7301,3424,50,1,f
108,17,f,21312,6892,40,,f
107,15,f,22835,30001,40,,f
106,31,t,30001,2817,40,,f
105,70,t,12640,30001,40,,f
102,48,f,12900,11157,40,,f
146132706,60.6451739433442,f,7669,21843,40,,f
146132708,46.4133502174374,f,289,290,30,1,f
146132709,55.4196544663936,f,290,915,30,1,f
146132814,47.9226703710957,f,8252,9128,40,1,f
146132815,7.15550382078319,f,3072,9059,40,,f
146132816,43.1460642313982,f,9059,12472,40,1,f
146132895,16.5028577638403,f,7582,3838,40,-1,f
146132896,171.460864655139,f,3838,6977,30,-1,f
146132897,107.07054772164,f,6977,1053,30,,f
146133489,16.6545253053914,f,7281,11003,30,,f
146133490,44.057350829542,f,11003,7813,30,,f
146133570,46.969551551188,f,9727,5690,40,,f
146133571,48.2312576064135,f,5690,12809,40,,f
146133573,42.3276973590519,f,9650,3815,40,,f
146133574,45.5122325640955,f,3815,11012,40,,f
146133575,19.7032857700403,f,11012,10926,40,,f
146133576,30.7114347077039,f,10926,11007,40,,f
146133577,7.55113271708989,f,11007,11011,40,,f
146133578,53.7199204154697,f,11011,9640,40,,f
146133676,155.234769839249,f,9651,3822,30,,f
146133677,2.88658079744782,f,3822,3825,30,,f
146133678,46.0777085682835,f,3825,8219,30,,f
146133679,96.3340697045815,f,8219,4112,30,,f
146133681,38.4136016151045,f,10904,7024,30,,f
146133720,29.9424325031709,f,7118,7350,40,,f
146133721,54.0390435852269,f,7350,7227,40,,f
146133722,81.3708194166589,f,7227,7271,40,,f
146133724,55.3464615983097,f,10300,11006,30,,f
146133725,14.9776887963888,f,11006,7281,30,,f
146133726,52.0872848296896,f,7281,11009,30,,f
146133727,29.0777565359963,f,11009,3823,30,,f
146133728,61.4152129019471,f,3823,3500,30,,f
146133729,10.5224143255433,f,3500,3833,30,,f
146133730,73.2573083789885,f,3833,7765,30,,f
146133731,121.422749577312,f,7765,7024,30,,f
146134270,61.5065297382494,f,11008,7813,30,,f
146134271,80.929640846355,f,7813,3827,30,,f
146134426,81.5455031032222,f,9827,289,30,1,f
146134504,56.1926713245346,f,10461,6975,40,,t
146134505,2.58080261171387,f,6975,9640,40,,f
146134506,49.3117799843607,f,9640,3794,40,,f
146134507,2.45348419391192,f,3794,11775,40,,f
146134509,107.744068657622,f,6975,3072,40,1,f
146134510,49.873756605732,f,3072,8252,40,1,f
146134511,106.669844979955,f,8252,11157,40,1,f
146135101,9.89521269308179,f,3825,8101,30,1,f
146135102,88.3955440189328,f,8101,3823,30,1,f
146135103,45.4303086865792,f,3823,3827,30,,f
146135104,35.3873048316032,f,3827,20680,30,,f
146135330,15.8018416856511,f,4387,2809,40,1,f
146135332,16.5838430490661,f,10313,9658,40,1,f
146135353,123.078850610533,f,7669,9581,40,,f
146135742,11.9123038738074,f,9160,12900,40,,f
146137143,105.467526688855,f,12900,9128,40,-1,f
146137146,118.690029179776,f,3794,3837,40,-1,f
146137228,65.3159636351903,f,12525,9827,30,,f
146137230,52.1468094585892,f,12523,12530,30,-1,f
146137768,48.4234764997758,f,5710,8066,40,,f
146137769,38.3464796111371,f,3830,8066,40,,f
146137770,60.6191018093457,f,3830,5690,40,,f
146137771,30.4333741200394,f,5690,914,40,,f
146137772,29.3387339844752,f,914,3841,40,,f
146137917,78.457837579951,f,12530,915,30,-1,f
146137918,109.218102763303,f,915,6977,30,,f
146137919,60.8057402949805,f,6977,6976,30,-1,f
146137920,17.9005555378418,f,6976,8102,30,,f
146137921,122.325832832049,f,8102,7271,30,,f
146138192,10.5343190377477,f,11015,5692,40,,f
146138193,23.3562488825256,f,5692,3815,40,,f
146138194,32.3086055307192,f,3815,5669,40,,f
146138195,19.1084569536047,f,5669,908,40,,f
146138196,7.6070032382407,f,908,526,40,,f
146138656,82.71000758511,f,12523,290,30,1,f
146138666,39.8786060311635,f,10108,7688,30,,f
146149511,95.742494970734,f,7669,22678,30,,f
146151095,110.968827144069,f,4112,10904,30,,f
146194046,70.2024812099914,f,1074,11015,40,1,f
146195082,68.9515545027314,f,1074,11015,40,-1,f
245609093,20.6678891795099,f,9658,7886,40,1,f
245609094,3.40497902290376,f,7886,4387,40,1,f
245609095,3.43332963754159,f,2809,11437,40,1,f
245609096,20.993066653384,f,11437,10313,40,1,f
287665473,122.381081006434,f,7024,8917,30,,f
287665474,5.48364945158819,f,8917,10108,30,,f
323109622,41.0657741953032,f,4097,8252,40,1,t
200425239,2.04707107575732,f,9447,20058,40,1,f
146133835,50.4999376209486,f,365,8211,50,,f
146133836,79.2556588913225,f,8211,8210,50,,f
146133837,166.745611534084,f,8210,369,50,,f
146133838,70.997201288411,f,369,368,50,,f
146133839,34.0828401506771,f,368,3808,50,,f
146133943,44.3947621827831,f,6877,2785,30,,f
146133944,68.2433895256995,f,2785,3546,30,,f
146133945,34.9408971546998,f,3546,9460,30,1,f
146138542,159.673006502081,f,8210,8218,30,,f
146181565,5.25413847073404,f,3804,10451,50,1,f
146181566,7.16346183937654,f,10451,10444,50,1,f
146181567,5.95932566710399,f,10444,427,50,1,f
146181568,9.54820970419284,f,427,432,50,1,f
146181569,6.58127052394227,f,432,10448,50,1,f
146181570,6.54063793233009,f,10448,10450,50,1,f
146181571,8.35117820312453,f,10450,10163,50,1,f
146181572,5.35589661506973,f,10163,10452,50,1,f
146181573,4.89461481905726,f,10452,3804,50,1,f
146193730,18.2693206161619,f,3808,10450,50,1,f
146194804,20.1861436321173,f,3808,432,50,-1,f
146135168,54.3552238027266,f,11959,6877,40,1,f
